,date,volumeto,close,bitcoin,num_tweets
2093,2020-01-01,187393954.35,6965.72,6.84,13987.0
2094,2020-01-02,376690440.38,7339.7,7.08,15920.0
2095,2020-01-03,162106895.05,7357.5,7.8,19730.0
2096,2020-01-04,179147746.87,7359.96,6.96,16357.0
2097,2020-01-05,352286216.6,7762.69,6.96,16533.0
2098,2020-01-06,600054472.25,8160.36,7.92,16540.0
2099,2020-01-07,699004342.7,8045.15,10.68,20950.0
2100,2020-01-08,316199456.84,7817.35,12.0,20820.0
2101,2020-01-09,441131626.25,8190.31,8.64,20500.0
2102,2020-01-10,250060123.9,8024.58,8.16,18266.0
2103,2020-01-11,142197585.82,8181.49,7.319999999999999,15900.0
2104,2020-01-12,184437465.66,8106.56,6.96,14383.0
2105,2020-01-13,768098459.01,8820.95,7.199999999999999,15305.0
2106,2020-01-14,441186933.78,8813.21,11.88,20772.0
2107,2020-01-15,290989712.92,8719.63,11.4,18142.0
2108,2020-01-16,432856377.78,8894.83,9.0,18513.0
2109,2020-01-17,176837362.25,8909.28,9.24,17272.0
2110,2020-01-18,421483277.31,8702.59,8.16,17651.0
2111,2020-01-19,189247381.47,8634.03,9.24,20557.0
2112,2020-01-20,196404470.17,8724.84,8.4,18586.0
2113,2020-01-21,149906743.85,8667.26,8.16,19285.0
2114,2020-01-22,323273085.37,8394.28,7.68,19401.0
2115,2020-01-23,233502998.73,8431.78,7.56,18546.0
2116,2020-01-24,119345600.29,8345.88,7.319999999999999,16643.0
2117,2020-01-25,189985702.21,8602.37,6.48,13919.0
2118,2020-01-26,329416202.64,8898.94,6.359999999999999,14485.0
2119,2020-01-27,471220882.55,9391.97,8.04,18223.0
2120,2020-01-28,345265419.21,9286.18,9.72,20422.0
2121,2020-01-29,430815723.66,9501.38,10.2,22062.0
2122,2020-01-30,292627757.98,9342.23,10.2,18452.0
2123,2020-01-31,138614091.6,9384.45,9.0,17685.0
2124,2020-02-01,225322638.39,9334.25,8.260000000000002,15818.0
2125,2020-02-02,312315107.48,9288.96,8.260000000000002,75543.0
2126,2020-02-03,244997961.95,9171.98,8.680000000000001,32917.0
2127,2020-02-04,448381299.88,9611.42,9.24,28537.0
2128,2020-02-05,410313693.85,9755.84,10.500000000000002,34975.0
2129,2020-02-06,249852208.28,9808.36,11.62,30260.0
2130,2020-02-07,244352034.45,9898.25,9.8,25577.0
2131,2020-02-08,340301629.71,10157.78,9.1,22495.0
2132,2020-02-09,406256357.82,9858.03,13.86,38674.0
2133,2020-02-10,495614708.0,10269.43,12.18,27170.0
2134,2020-02-11,449510878.91,10347.93,12.6,28117.0
2135,2020-02-12,507955951.95,10233.32,14.000000000000002,28341.0
2136,2020-02-13,297409586.88,10360.37,12.6,26869.0
2137,2020-02-14,300819428.52,9905.43,10.080000000000002,25754.0
2138,2020-02-15,272176494.52,9925.51,9.66,23918.0
2139,2020-02-16,359702988.14,9702.48,9.24,23996.0
2140,2020-02-17,382869718.91,10182.6,10.920000000000002,25279.0
2141,2020-02-18,473100344.44,9602.43,10.64,29623.0
2142,2020-02-19,352949373.64,9608.8,11.340000000000002,31627.0
2143,2020-02-20,293546157.49,9697.86,10.920000000000002,26789.0
2144,2020-02-21,118171544.81,9671.46,9.52,23685.0
2145,2020-02-22,228093371.59,9977.39,7.98,24088.0
2146,2020-02-23,331102536.15,9664.21,8.260000000000002,25803.0
2147,2020-02-24,329372824.71,9316.18,10.22,28829.0
2148,2020-02-25,588359496.49,8793.5,9.94,27251.0
2149,2020-02-26,413657559.37,8821.5,12.32,27388.0
2150,2020-02-27,360795192.37,8719.29,11.62,25882.0
2151,2020-02-28,146455562.43,8545.45,12.18,25289.0
2152,2020-02-29,219324311.08,8549.38,8.96,22884.0
2153,2020-03-01,290280969.41,8919.74,4.75,22847.0
2154,2020-03-02,252211805.89,8765.68,5.51,25876.0
2155,2020-03-03,194233894.05,8773.78,5.13,25782.0
2156,2020-03-04,305196274.33,9074.82,5.32,27221.0
2157,2020-03-05,192168163.64,9160.39,5.7,26232.0
2158,2020-03-06,187063951.77,8903.72,5.51,22285.0
2159,2020-03-07,533371350.28,8057.67,4.37,19205.0
2160,2020-03-08,682781069.24,7944.4,4.94,19627.0
2161,2020-03-09,427332546.47,7894.66,9.88,31167.0
2162,2020-03-10,372704355.27,7945.36,7.6,24544.0
2163,2020-03-11,1769476928.68,4916.78,6.46,23550.0
2164,2020-03-12,1663092005.9,5632.58,14.06,44735.0
2165,2020-03-13,474539626.45,5181.77,19.0,43020.0
2166,2020-03-14,568696762.62,5357.02,12.35,22922.0
2167,2020-03-15,996661883.31,5045.0,10.64,22102.0
2168,2020-03-16,618671971.75,5337.66,13.68,27432.0
2169,2020-03-17,576456805.62,5413.06,11.4,26159.0
2170,2020-03-18,868668216.67,6184.88,10.64,26644.0
2171,2020-03-19,947038097.64,6206.44,11.4,29033.0
2172,2020-03-20,415771088.67,6195.43,11.21,28150.0
2173,2020-03-21,457211401.95,5828.15,9.69,25403.0
2174,2020-03-22,667919370.22,6503.53,8.36,27844.0
2175,2020-03-23,700444488.16,6767.18,9.31,28657.0
2176,2020-03-24,566264216.07,6694.21,9.31,31076.0
2177,2020-03-25,302121295.09,6757.95,8.17,26878.0
2178,2020-03-26,381303011.52,6382.8,7.6,24772.0
2179,2020-03-27,378476570.98,6252.49,7.22,24128.0
2180,2020-03-28,286789900.17,5882.2,7.41,20983.0
2181,2020-03-29,445848282.11,6403.31,7.03,22187.0
2182,2020-03-30,233613490.19,6423.61,7.22,24425.0
2183,2020-03-31,377164250.74,6663.63,6.65,24944.0
2184,2020-04-01,635319847.54,6804.42,8.16,27700.0
2185,2020-04-02,379639119.54,6743.68,9.92,29947.0
2186,2020-04-03,230044243.33,6875.95,8.96,33185.0
2187,2020-04-04,182019861.58,6781.64,8.16,28502.0
2188,2020-04-05,560075869.57,7347.22,7.36,25533.0
2189,2020-04-06,516422836.71,7201.57,9.92,32118.0
2190,2020-04-07,445330043.76,7367.37,10.08,32171.0
2191,2020-04-08,321287689.9,7294.55,8.96,30033.0
2192,2020-04-09,440132415.16,6876.49,8.48,29133.0
2193,2020-04-10,171352839.69,6887.6,9.28,28128.0
2194,2020-04-11,297514761.29,6913.76,8.64,22432.0
2195,2020-04-12,426458894.19,6859.43,8.0,23749.0
2196,2020-04-13,307409556.74,6879.44,9.12,26814.0
2197,2020-04-14,336722796.75,6629.54,8.64,31671.0
2198,2020-04-15,685621725.46,7114.55,8.32,28889.0
2199,2020-04-16,324325510.78,7037.12,9.28,30583.0
2200,2020-04-17,258251102.86,7264.29,8.32,28790.0
2201,2020-04-18,211422409.66,7132.88,7.84,25279.0
2202,2020-04-19,452319848.99,6842.45,7.84,25819.0
2203,2020-04-20,305844254.34,6855.11,8.32,34822.0
2204,2020-04-21,308254465.67,7135.41,8.32,32492.0
2205,2020-04-22,599195847.97,7489.25,8.0,30981.0
2206,2020-04-23,389027134.45,7509.44,9.28,35498.0
2207,2020-04-24,227962632.37,7546.92,9.44,32567.0
2208,2020-04-25,251857766.26,7701.35,8.64,33355.0
2209,2020-04-26,374439201.77,7787.41,8.8,33495.0
2210,2020-04-27,297442241.62,7760.32,9.28,39379.0
2211,2020-04-28,1324299206.24,8784.96,8.8,41546.0
2212,2020-04-29,1439132256.65,8637.56,13.6,48269.0
2213,2020-04-30,620133839.66,8829.12,16.0,50532.0
2214,2020-05-01,321429140.42,8981.11,10.8,40443.0
2215,2020-05-02,534161419.79,8907.19,10.2,42783.0
2216,2020-05-03,568639005.2,8881.65,10.2,43879.0
2217,2020-05-04,538111122.64,9029.75,9.6,43373.0
2218,2020-05-05,818515486.36,9153.2,9.8,50889.0
2219,2020-05-06,1213223439.69,9999.93,10.8,55866.0
2220,2020-05-07,907665361.58,9808.18,13.6,59654.0
2221,2020-05-08,580103588.21,9541.13,14.8,53749.0
2222,2020-05-09,1159765920.88,8735.05,13.0,42273.0
2223,2020-05-10,1259789388.45,8568.88,16.6,41923.0
2224,2020-05-11,580579256.62,8821.18,20.0,82838.0
2225,2020-05-12,622255318.55,9317.44,14.6,60453.0
2226,2020-05-13,936692997.58,9793.19,12.4,46507.0
2227,2020-05-14,798930933.92,9311.69,12.8,48588.0
2228,2020-05-15,348262438.61,9387.08,11.0,38102.0
2229,2020-05-16,505834872.59,9670.56,9.6,40293.0
2230,2020-05-17,606235218.3,9722.73,10.0,33797.0
2231,2020-05-18,587660019.81,9780.2,10.0,38987.0
2232,2020-05-19,593918718.08,9509.45,9.0,31927.0
2233,2020-05-20,798218781.95,9059.11,9.0,33468.0
2234,2020-05-21,405255700.32,9170.74,9.8,36198.0
2235,2020-05-22,217819517.42,9186.19,9.0,46283.0
2236,2020-05-23,412753415.47,8718.49,7.800000000000001,27771.0
2237,2020-05-24,386241517.98,8901.48,8.0,30235.0
2238,2020-05-25,352930782.24,8844.5,9.0,34450.0
2239,2020-05-26,381475134.6,9204.62,8.4,30190.0
2240,2020-05-27,530613444.11,9579.71,8.200000000000001,34046.0
2241,2020-05-28,379875666.16,9424.62,8.0,38537.0
2242,2020-05-29,235049817.45,9699.78,7.800000000000001,34052.0
2243,2020-05-30,212143031.97,9450.47,7.0,29372.0
2244,2020-05-31,435270237.66,10211.23,7.0,28806.0
2245,2020-06-01,812990990.27,9523.75,8.97,34801.0
2246,2020-06-02,316212538.78,9666.06,13.0,48257.0
2247,2020-06-03,418578381.27,9794.55,10.27,32772.0
2248,2020-06-04,406449067.36,9622.02,9.62,33808.0
2249,2020-06-05,221180782.78,9671.46,9.36,31415.0
2250,2020-06-06,374577294.36,9750.7,7.800000000000001,26066.0
2251,2020-06-07,318606275.83,9782.58,8.19,26035.0
2252,2020-06-08,376816490.4,9779.7,9.1,30802.0
2253,2020-06-09,395005942.58,9891.84,8.97,33586.0
2254,2020-06-10,827582593.73,9268.13,9.1,35740.0
2255,2020-06-11,384322097.92,9464.23,9.88,34444.0
2256,2020-06-12,156509665.57,9474.65,8.97,34530.0
2257,2020-06-13,181308843.48,9333.7,7.0200000000000005,30524.0
2258,2020-06-14,616170633.01,9429.65,6.76,24592.0
2259,2020-06-15,378768702.55,9526.7,8.97,28560.0
2260,2020-06-16,325191529.46,9459.13,8.71,28992.0
2261,2020-06-17,236301644.47,9380.67,8.06,23559.0
2262,2020-06-18,295439171.8,9301.83,7.54,23904.0
2263,2020-06-19,182464228.19,9359.18,7.41,29522.0
2264,2020-06-20,123480945.26,9292.81,6.5,26154.0
2265,2020-06-21,393567343.68,9691.61,6.11,26333.0
2266,2020-06-22,296221140.11,9624.3,7.930000000000001,33399.0
2267,2020-06-23,461570781.81,9292.94,8.19,34373.0
2268,2020-06-24,435446758.27,9241.32,7.800000000000001,32446.0
2269,2020-06-25,371373315.29,9158.07,7.54,31154.0
2270,2020-06-26,254990739.33,9007.14,7.41,30758.0
2271,2020-06-27,179558602.81,9120.39,6.76,28444.0
2272,2020-06-28,283764928.26,9187.07,7.41,28965.0
2273,2020-06-29,213905502.74,9136.47,7.28,32380.0
2274,2020-06-30,274835041.39,9238.89,7.28,28895.0
2275,2020-07-01,343433369.43,9092.8,5.880000000000001,26910.0
2276,2020-07-02,198428092.21,9066.46,5.880000000000001,26683.0
2277,2020-07-03,147598290.89,9142.2,5.460000000000001,25726.0
2278,2020-07-04,159006413.09,9081.44,5.040000000000001,24368.0
2279,2020-07-05,340664721.17,9347.05,5.32,20039.0
2280,2020-07-06,239497399.36,9257.32,6.0200000000000005,27694.0
2281,2020-07-07,350318105.76,9439.2,5.880000000000001,22547.0
2282,2020-07-08,280648694.08,9238.95,6.44,22723.0
2283,2020-07-09,224680670.05,9288.57,6.16,24645.0
2284,2020-07-10,108899834.63,9237.13,5.6000000000000005,24965.0
2285,2020-07-11,151649367.79,9300.95,5.180000000000001,22288.0
2286,2020-07-12,240081841.21,9237.89,5.32,19664.0
2287,2020-07-13,238308476.7,9256.07,5.880000000000001,25309.0
2288,2020-07-14,216386874.26,9193.22,6.44,35940.0
2289,2020-07-15,254255550.28,9133.23,7.700000000000001,54174.0
2290,2020-07-16,187710134.42,9156.79,9.52,56131.0
2291,2020-07-17,109563331.59,9177.22,6.44,24865.0
2292,2020-07-18,117297958.15,9216.02,9.66,21879.0
2293,2020-07-19,171877002.63,9164.42,5.460000000000001,18893.0
2294,2020-07-20,337645738.93,9392.83,5.180000000000001,24912.0
2295,2020-07-21,281661129.12,9537.24,6.0200000000000005,27374.0
2296,2020-07-22,415079930.39,9615.21,5.880000000000001,25069.0
2297,2020-07-23,323092524.09,9550.23,7.000000000000001,27632.0
2298,2020-07-24,233301043.7,9708.41,6.44,27407.0
2299,2020-07-25,417337407.31,9942.01,6.580000000000001,27808.0
2300,2020-07-26,1363674374.42,11042.94,8.4,30432.0
2301,2020-07-27,938667838.04,10933.26,13.02,51139.0
2302,2020-07-28,689206497.21,11112.04,14.000000000000002,45495.0
2303,2020-07-29,503563543.58,11113.66,10.920000000000002,33785.0
2304,2020-07-30,608151203.91,11352.72,9.8,32625.0
2305,2020-07-31,741252933.72,11812.42,10.080000000000002,30055.0
2306,2020-08-01,721639453.44,11063.5,15.0,39913.0
2307,2020-08-02,473995003.36,11234.73,15.0,33109.0
2308,2020-08-03,393301819.23,11194.18,12.45,29874.0
2309,2020-08-04,555395574.17,11752.05,11.25,29318.0
2310,2020-08-05,587033759.68,11771.27,12.0,38033.0
2311,2020-08-06,651142052.53,11603.82,13.2,38775.0
2312,2020-08-07,271582305.12,11770.77,11.55,37514.0
2313,2020-08-08,231830330.42,11686.34,9.9,29019.0
2314,2020-08-09,667803525.71,11897.41,9.45,25986.0
2315,2020-08-10,724227264.93,11389.01,12.3,35606.0
2316,2020-08-11,430758054.54,11570.19,11.85,33567.0
2317,2020-08-12,487564726.98,11790.68,11.1,35237.0
2318,2020-08-13,437825096.08,11774.52,10.5,30485.0
2319,2020-08-14,369258184.57,11860.91,10.5,38124.0
2320,2020-08-15,260716863.02,11917.97,9.75,39156.0
2321,2020-08-16,682170133.05,12301.19,9.75,29007.0
2322,2020-08-17,604246043.52,11956.69,12.6,40655.0
2323,2020-08-18,590122894.96,11760.37,12.0,38262.0
2324,2020-08-19,510502416.84,11863.43,10.95,36164.0
2325,2020-08-20,745059089.73,11527.35,10.2,33256.0
2326,2020-08-21,572197825.57,11670.42,9.15,34177.0
2327,2020-08-22,388308826.36,11651.52,8.549999999999999,27846.0
2328,2020-08-23,459366140.6,11756.4,7.8,28557.0
2329,2020-08-24,583786229.48,11330.56,9.45,32820.0
2330,2020-08-25,309986442.65,11466.89,9.75,36405.0
2331,2020-08-26,464957172.93,11331.02,8.85,31857.0
2332,2020-08-27,353027933.9,11535.21,8.549999999999999,32432.0
2333,2020-08-28,187746012.8,11480.48,8.1,34517.0
2334,2020-08-29,190649396.2,11716.54,6.75,26986.0
2335,2020-08-30,307926585.75,11657.81,7.5,27893.0
2336,2020-08-31,537292263.85,11926.69,7.949999999999999,29068.0
2337,2020-09-01,618129314.2,11397.9,10.53,35393.0
2338,2020-09-02,894736678.62,10174.62,10.79,32608.0
2339,2020-09-03,562742223.01,10467.33,11.96,37151.0
2340,2020-09-04,614402772.13,10167.97,13.0,34973.0
2341,2020-09-05,300644746.65,10260.37,11.05,28115.0
2342,2020-09-06,422137373.09,10379.08,10.14,23088.0
2343,2020-09-07,553186747.41,10128.54,10.27,30832.0
2344,2020-09-08,346738492.44,10228.85,10.27,28540.0
2345,2020-09-09,452098495.16,10345.68,9.36,30051.0
2346,2020-09-10,266084892.24,10398.5,8.58,29885.0
2347,2020-09-11,184001054.5,10448.0,8.06,30008.0
2348,2020-09-12,299956975.1,10332.36,7.41,27451.0
2349,2020-09-13,359274837.28,10678.31,7.54,27955.0
2350,2020-09-14,369481767.48,10786.7,8.450000000000001,29947.0
2351,2020-09-15,372894154.99,10957.1,8.71,34641.0
2352,2020-09-16,293584349.54,10945.14,8.84,35407.0
2353,2020-09-17,248821618.73,10937.89,8.32,33417.0
2354,2020-09-18,193207449.76,11083.61,7.800000000000001,31357.0
2355,2020-09-19,237773866.86,10921.85,7.0200000000000005,29151.0
2356,2020-09-20,473754186.1,10418.14,7.15,26571.0
2357,2020-09-21,301280976.85,10534.73,8.450000000000001,32418.0
2358,2020-09-22,277589382.46,10238.09,7.930000000000001,38132.0
2359,2020-09-23,304956298.0,10742.98,7.54,47367.0
2360,2020-09-24,360929423.35,10694.12,7.15,37643.0
2361,2020-09-25,148097714.06,10734.23,7.28,38495.0
2362,2020-09-26,148127427.26,10781.47,6.76,25955.0
2363,2020-09-27,350615325.76,10699.0,6.5,37113.0
2364,2020-09-28,334584439.48,10841.29,7.0200000000000005,34219.0
2365,2020-09-29,317604086.65,10779.42,7.15,32020.0
2366,2020-09-30,422940486.72,10622.79,6.63,33290.0
2367,2020-10-01,355424408.51,10576.64,5.33,35755.0
2368,2020-10-02,110570157.37,10552.04,5.59,32092.0
2369,2020-10-03,111420779.07,10675.52,5.07,29374.0
2370,2020-10-04,255950434.22,10795.11,5.07,31026.0
2371,2020-10-05,329346366.4,10603.9,5.46,29324.0
2372,2020-10-06,208253472.75,10672.67,5.33,30843.0
2373,2020-10-07,423807796.12,10929.4,5.07,34215.0
2374,2020-10-08,359802403.01,11058.78,5.46,42037.0
2375,2020-10-09,296925751.27,11301.57,5.59,41653.0
2376,2020-10-10,202131016.49,11375.51,6.11,37385.0
2377,2020-10-11,478557074.68,11539.76,5.720000000000001,33070.0
2378,2020-10-12,383360256.66,11427.29,6.11,32811.0
2379,2020-10-13,259711904.03,11429.3,5.98,33789.0
2380,2020-10-14,377801262.9,11508.31,5.8500000000000005,87570.0
2381,2020-10-15,332320579.31,11326.25,5.98,63222.0
2382,2020-10-16,112306061.3,11367.65,5.720000000000001,36596.0
2383,2020-10-17,131886570.58,11513.33,5.33,29771.0
2384,2020-10-18,456404609.75,11756.88,5.33,26901.0
2385,2020-10-19,576128149.71,11921.78,6.11,31375.0
2386,2020-10-20,1296152945.69,12813.11,7.67,37581.0
2387,2020-10-21,739591002.3,12990.25,12.48,64870.0
2388,2020-10-22,416662855.54,12937.2,13.0,43790.0
2389,2020-10-23,273005904.67,13126.13,10.53,35777.0
2390,2020-10-24,368884232.62,13041.21,8.32,32175.0
2391,2020-10-25,460984686.3,13069.43,8.450000000000001,28445.0
2392,2020-10-26,603406480.39,13646.02,9.62,36554.0
2393,2020-10-27,434942187.78,13285.97,11.05,44889.0
2394,2020-10-28,555737562.11,13462.18,11.7,36385.0
2395,2020-10-29,756044940.71,13565.95,9.88,36808.0
2396,2020-10-30,600104833.89,13803.41,9.49,32806.0
2397,2020-10-31,286724152.06,13761.72,9.75,49308.0
2398,2020-11-01,453096297.52,13571.24,8.97,40439.0
2399,2020-11-02,300271386.78,14023.78,9.66,32602.0
2400,2020-11-03,423118194.37,14157.73,8.74,36459.0
2401,2020-11-04,625288741.44,15599.92,8.97,47315.0
2402,2020-11-05,538014394.46,15590.62,13.8,60368.0
2403,2020-11-06,388303730.2,14838.16,15.64,47823.0
2404,2020-11-07,285202500.11,15488.25,11.96,33705.0
2405,2020-11-08,492570531.42,15335.03,11.04,30699.0
2406,2020-11-09,352628988.82,15313.73,12.19,35977.0
2407,2020-11-10,717920492.19,15707.08,10.35,35104.0
2408,2020-11-11,1074746061.94,16306.53,10.81,39657.0
2409,2020-11-12,694320640.17,16332.85,12.42,44220.0
2410,2020-11-13,452657737.75,16075.95,13.57,48337.0
2411,2020-11-14,286912254.78,15964.7,11.04,37293.0
2412,2020-11-15,685608661.41,16721.46,9.43,33836.0
2413,2020-11-16,1072294334.69,17681.54,12.88,47177.0
2414,2020-11-17,1441862086.0,17786.27,17.71,74813.0
2415,2020-11-18,859856045.56,17824.64,21.62,70679.0
2416,2020-11-19,939934212.29,18672.78,17.25,43267.0
2417,2020-11-20,705040526.65,18704.06,18.17,47903.0
2418,2020-11-21,796767991.89,18430.59,17.94,45874.0
2419,2020-11-22,902518528.75,18385.74,15.64,43581.0
2420,2020-11-23,1403472685.29,19157.16,16.330000000000002,47594.0
2421,2020-11-24,1141495120.46,18725.76,22.31,78971.0
2422,2020-11-25,2220672632.83,17175.86,20.47,46379.0
2423,2020-11-26,1034426524.1,17155.0,23.0,53237.0
2424,2020-11-27,605284901.68,17739.9,16.79,44777.0
2425,2020-11-28,489679989.73,18199.23,14.03,37071.0
2426,2020-11-29,1493787961.07,19686.87,13.57,33292.0
2427,2020-11-30,1743191338.61,18792.03,19.09,66042.0
2428,2020-12-01,903817773.96,19226.19,16.12,60008.0
2429,2020-12-02,747088833.15,19448.44,12.71,48309.0
2430,2020-12-03,804366524.28,18665.0,12.09,44375.0
2431,2020-12-04,388466883.76,19156.84,11.78,46085.0
2432,2020-12-05,405708588.31,19378.94,10.54,39802.0
2433,2020-12-06,477334574.93,19181.41,9.61,39953.0
2434,2020-12-07,866543428.89,18323.52,10.54,45372.0
2435,2020-12-08,1057335071.17,18549.92,10.23,46222.0
2436,2020-12-09,684802762.09,18250.47,10.85,42250.0
2437,2020-12-10,809318887.79,18034.86,9.61,37279.0
2438,2020-12-11,484239535.46,18814.98,10.23,35891.0
2439,2020-12-12,592021817.57,19169.05,8.99,38898.0
2440,2020-12-13,456841099.92,19274.69,9.3,39491.0
2441,2020-12-14,819839290.04,19441.96,9.61,38737.0
2442,2020-12-15,1949841494.52,21352.13,9.92,43739.0
2443,2020-12-16,3194654467.93,22822.17,18.91,127155.0
2444,2020-12-17,1362467582.47,23135.57,31.0,120169.0
2445,2020-12-18,1268054141.3,23844.72,20.46,67616.0
2446,2020-12-19,1014224949.67,23467.06,17.669999999999998,56872.0
2447,2020-12-20,1750627321.07,22727.13,17.36,62679.0
2448,2020-12-21,1149767378.59,23823.32,19.22,61296.0
2449,2020-12-22,1552020951.78,23239.5,16.12,45927.0
2450,2020-12-23,923848542.66,23724.2,15.19,43942.0
2451,2020-12-24,1199894883.01,24707.98,13.64,42618.0
2452,2020-12-25,1611547513.19,26445.7,15.19,49739.0
2453,2020-12-26,2463390777.21,26249.27,22.32,72172.0
2454,2020-12-27,1402005893.58,27039.45,29.76,88788.0
2455,2020-12-28,1479551411.61,27360.78,23.25,59779.0
2456,2020-12-29,1993721842.2,28889.61,19.84,56236.0
2457,2020-12-30,1924969475.46,28972.4,23.56,80886.0
2458,2020-12-31,1487306218.52,29388.94,23.56,68822.0
2459,2021-01-01,3750440817.91,32203.64,23.68,55480.0
2460,2021-01-02,3132759314.54,33063.48,42.24,145059.0
2461,2021-01-03,3901979149.92,32030.55,49.28,141596.0
2462,2021-01-04,3037657026.2,34038.29,41.6,82412.0
2463,2021-01-05,3788317475.74,36849.86,33.92,68133.0
2464,2021-01-06,4753170180.55,39479.41,37.76,86631.0
2465,2021-01-07,4705592327.36,40636.24,53.76,125036.0
2466,2021-01-08,2241901362.12,40236.66,54.4,113560.0
2467,2021-01-09,3983391028.78,38202.08,42.88,84725.0
2468,2021-01-10,8100819368.26,35496.03,41.6,74964.0
2469,2021-01-11,3999535589.05,34058.4,64.0,109316.0
2470,2021-01-12,3198683391.78,37380.85,45.44,83880.0
2471,2021-01-13,2895085049.06,39155.58,40.32,91811.0
2472,2021-01-14,3288447634.87,36790.17,40.96,106170.0
2473,2021-01-15,1995053500.31,36025.26,35.84,70388.0
2474,2021-01-16,1806688237.48,35839.51,30.72,62189.0
2475,2021-01-17,1554686784.02,36623.04,27.52,59161.0
2476,2021-01-18,1787957383.29,35932.79,26.24,69189.0
2477,2021-01-19,2316775667.92,35501.38,26.24,70173.0
2478,2021-01-20,4042427455.09,30840.3,24.32,61204.0
2479,2021-01-21,3418228006.19,33008.02,30.08,79347.0
2480,2021-01-22,1287618530.17,32107.29,32.64,79570.0
2481,2021-01-23,1079875602.62,32283.66,24.32,52802.0
2482,2021-01-24,1989618039.07,32275.27,21.76,50983.0
2483,2021-01-25,1909630282.43,32516.52,23.04,63766.0
2484,2021-01-26,3149650799.32,30423.05,21.12,55828.0
2485,2021-01-27,2463162479.45,33443.87,23.68,60652.0
2486,2021-01-28,6015929349.68,34252.08,23.68,84933.0
2487,2021-01-29,1574213551.44,34317.82,38.4,200783.0
2488,2021-01-30,1176981986.93,33143.22,26.88,93578.0
2489,2021-01-31,1623291067.04,33535.94,23.04,68163.0
2490,2021-02-01,1789698965.07,35524.43,25.08,91439.0
2491,2021-02-02,2340630205.42,37677.34,22.44,80624.0
2492,2021-02-03,2767003411.51,36983.42,24.42,87809.0
2493,2021-02-04,1705038314.0,38310.24,25.74,76348.0
2494,2021-02-05,2642530408.41,39267.01,23.76,97415.0
2495,2021-02-06,2076904733.5,38868.82,28.380000000000003,107331.0
2496,2021-02-07,5944522159.67,46437.41,25.08,77886.0
2497,2021-02-08,4610214635.38,46509.57,54.120000000000005,212923.0
2498,2021-02-09,3326890835.4,44854.95,66.0,159207.0
2499,2021-02-10,3377367971.59,48006.18,43.56,124292.0
2500,2021-02-11,2831634659.58,47435.54,40.260000000000005,115390.0
2501,2021-02-12,1571324550.44,47222.32,38.28,122503.0
2502,2021-02-13,1841963034.08,48652.87,31.68,93740.0
2503,2021-02-14,2502097939.18,47936.51,34.980000000000004,99797.0
2504,2021-02-15,3237085085.6,49184.63,35.64,101777.0
2505,2021-02-16,3423930178.2,52154.91,39.6,147792.0
2506,2021-02-17,2205232619.94,51591.61,44.88,147890.0
2507,2021-02-18,3893034056.64,55933.47,39.6,116096.0
2508,2021-02-19,2974872569.57,55900.84,44.22,150898.0
2509,2021-02-20,1934005633.01,57469.95,50.16,118093.0
2510,2021-02-21,6995162441.1,54121.17,44.22,111638.0
2511,2021-02-22,8016450648.12,48898.7,51.48,110348.0
2512,2021-02-23,3729774704.65,49738.17,63.36,131691.0
2513,2021-02-24,3643008748.86,47082.87,48.18,103733.0
2514,2021-02-25,4204800171.81,46324.5,38.940000000000005,82520.0
2515,2021-02-26,1831237567.32,46191.39,39.6,81742.0
2516,2021-02-27,2776726256.13,45261.03,31.68,66315.0
2517,2021-02-28,3146266419.71,49635.07,35.64,73439.0
2518,2021-03-01,2105387914.68,48501.21,44.16,89756.0
2519,2021-03-02,2615513552.66,50392.55,39.84,103342.0
2520,2021-03-03,3024053725.58,48363.74,37.92,94227.0
2521,2021-03-04,2907395734.68,48775.37,36.0,81460.0
2522,2021-03-05,1214194643.85,48892.8,33.6,70950.0
2523,2021-03-06,1658558074.88,50964.18,30.72,40281.0
2524,2021-03-07,2445827949.75,52405.02,31.68,68935.0
2525,2021-03-08,2898199576.25,54928.7,33.6,81828.0
2526,2021-03-09,3898251700.72,55893.31,41.28,85849.0
2527,2021-03-10,3340389094.49,57809.41,39.36,81908.0
2528,2021-03-11,3079097934.08,57256.22,36.96,95858.0
2529,2021-03-12,3439594034.95,61179.79,36.48,104787.0
2530,2021-03-13,2105197604.06,58998.89,48.0,154790.0
2531,2021-03-14,4297382088.92,55665.01,45.6,102059.0
2532,2021-03-15,3441195999.4,56925.01,39.84,116563.0
2533,2021-03-16,3493543493.16,58909.0,39.36,99951.0
2534,2021-03-17,3178687259.25,57643.32,36.96,106258.0
2535,2021-03-18,2397999967.37,58060.21,36.48,106755.0
2536,2021-03-19,1687922804.56,58101.34,33.6,106380.0
2537,2021-03-20,1958214099.07,57374.95,30.24,92396.0
2538,2021-03-21,2865346861.49,54095.36,31.2,80437.0
2539,2021-03-22,2444787014.61,54355.45,33.6,103950.0
2540,2021-03-23,3420695083.54,52303.02,33.12,94277.0
2541,2021-03-24,3617760373.16,51336.09,37.92,130216.0
2542,2021-03-25,2461374478.26,55055.43,40.32,137938.0
2543,2021-03-26,1514783182.02,55863.73,32.64,137602.0
2544,2021-03-27,1345583216.95,55781.01,31.2,106231.0
2545,2021-03-28,2950020309.68,57626.1,28.8,86361.0
2546,2021-03-29,2064647135.86,58781.54,32.64,104638.0
2547,2021-03-30,2727194335.71,58793.8,35.04,111290.0
2548,2021-03-31,1648724834.05,58730.82,33.6,108145.0
2549,2021-04-01,1765524921.41,58987.8,27.5,69301.0
2550,2021-04-02,1470430519.81,57074.97,24.5,30540.0
2551,2021-04-03,1093079652.2,58219.43,23.0,75450.0
2552,2021-04-04,1439529332.47,59119.56,22.0,87528.0
2553,2021-04-05,1535666142.46,58010.35,24.0,44761.0
2554,2021-04-06,2855410824.81,55951.98,23.0,32289.0
2555,2021-04-07,1458096433.7,58084.46,22.5,86985.0
2556,2021-04-08,1241735091.75,58106.85,21.5,104094.0
2557,2021-04-09,2322058695.22,59784.8,20.0,102638.0
2558,2021-04-10,1218894531.01,59980.45,23.5,110849.0
2559,2021-04-11,1913098388.79,59845.76,22.5,94714.0
2560,2021-04-12,3299086696.94,63558.48,23.5,132176.0
2561,2021-04-13,4066819695.96,62964.27,32.5,171108.0
2562,2021-04-14,2146219571.03,63233.03,35.5,161204.0
2563,2021-04-15,3544777400.64,61416.41,29.5,110223.0
2564,2021-04-16,2093039585.66,60056.07,32.0,113640.0
2565,2021-04-17,6264051811.58,56246.82,26.0,100583.0
2566,2021-04-18,2732647682.18,55680.11,47.0,178464.0
2567,2021-04-19,3091319805.6,56496.06,38.0,122950.0
2568,2021-04-20,2312255459.33,53803.25,34.0,112302.0
2569,2021-04-21,4488994737.96,51717.61,27.5,96848.0
2570,2021-04-22,5241192198.03,51178.03,32.5,108961.0
2571,2021-04-23,1695108976.06,50115.99,50.0,132963.0
2572,2021-04-24,2176241676.28,49120.97,34.5,86049.0
2573,2021-04-25,3254396664.97,54062.29,30.5,81258.0
2574,2021-04-26,2220077233.11,55073.48,32.5,110552.0
2575,2021-04-27,2339383717.48,54877.94,29.0,102971.0
2576,2021-04-28,2359198137.55,53581.58,27.5,97333.0
2577,2021-04-29,2719315702.2,57757.97,24.5,96503.0
2578,2021-04-30,1511783659.93,57843.16,24.5,92350.0
2579,2021-05-01,1230710822.31,56623.51,17.28,99595.0
2580,2021-05-02,2371465902.34,57195.07,16.0,78756.0
2581,2021-05-03,3556756117.3,53244.07,17.92,89710.0
2582,2021-05-04,3200062630.96,57506.88,18.56,87287.0
2583,2021-05-05,2878647496.02,56441.94,17.92,93866.0
2584,2021-05-06,2439662460.45,57374.33,17.28,84935.0
2585,2021-05-07,2211507566.18,58943.13,16.64,103515.0
2586,2021-05-08,2645394205.33,58294.18,16.64,82542.0
2587,2021-05-09,4067497161.41,55870.01,17.28,62002.0
2588,2021-05-10,2395231325.24,56747.52,17.92,74446.0
2589,2021-05-11,4035173480.67,49504.08,17.28,72974.0
2590,2021-05-12,5919941739.84,49700.6,17.92,104572.0
2591,2021-05-13,2156016499.66,49887.96,43.52,249599.0
2592,2021-05-14,2591003797.63,46775.29,26.88,120644.0
2593,2021-05-15,3693969204.75,46490.71,21.12,95522.0
2594,2021-05-16,5896147491.21,43552.14,23.04,148557.0
2595,2021-05-17,3159184422.64,42886.02,33.92,184558.0
2596,2021-05-18,11120220854.77,36771.87,25.6,120021.0
2597,2021-05-19,5531454912.79,40597.4,64.0,363566.0
2598,2021-05-20,4573692788.95,37350.39,50.56,173415.0
2599,2021-05-21,2808008188.27,37491.5,38.4,185009.0
2600,2021-05-22,4494413873.1,34716.84,32.64,174133.0
2601,2021-05-23,3981461441.04,38837.76,39.04,160368.0
2602,2021-05-24,2529569055.97,38387.36,35.84,151342.0
2603,2021-05-25,2607759779.42,39295.08,28.8,107640.0
2604,2021-05-26,1804036815.09,38538.84,24.96,114558.0
2605,2021-05-27,3104364367.82,35680.92,22.4,100263.0
2606,2021-05-28,2127790128.94,34611.58,22.4,104815.0
2607,2021-05-29,1325408340.1,35662.59,22.4,98843.0
2608,2021-05-30,1821662523.97,37290.83,21.12,109381.0
2609,2021-05-31,1626268789.21,36683.51,20.48,101203.0
2610,2021-06-01,1494571249.19,37576.98,31.24,105694.0
2611,2021-06-02,1586641442.02,39229.66,30.8,92542.0
2612,2021-06-03,1837944242.33,36861.5,30.8,88708.0
2613,2021-06-04,1444088532.56,35538.4,34.32,184618.0
2614,2021-06-05,986275148.28,35798.57,29.92,174730.0
2615,2021-06-06,1850311020.63,33582.86,32.12,211698.0
2616,2021-06-07,2890313261.68,33409.38,30.36,172116.0
2617,2021-06-08,3249553573.38,37391.58,42.24,187281.0
2618,2021-06-09,2338112083.52,36680.78,37.84,297825.0
2619,2021-06-10,1596038876.7,37339.98,33.44,192780.0
2620,2021-06-11,1450138289.51,35541.78,29.04,145724.0
2621,2021-06-12,1727291768.5,39017.37,24.64,133446.0
2622,2021-06-13,2740589573.6,40526.63,25.96,149747.0
2623,2021-06-14,1943860792.12,40161.86,32.12,173293.0
2624,2021-06-15,1883613058.48,38345.41,26.84,139190.0
2625,2021-06-16,1599770630.8,38082.3,24.64,116771.0
2626,2021-06-17,2207651943.63,35830.29,22.88,122733.0
2627,2021-06-18,1601193146.33,35515.38,22.44,125163.0
2628,2021-06-19,1964614466.35,35602.26,21.12,98521.0
2629,2021-06-20,3650731161.39,31652.62,22.88,100940.0
2630,2021-06-21,4060734244.07,32537.58,33.88,153833.0
2631,2021-06-22,2037061709.14,33678.64,44.0,153834.0
2632,2021-06-23,1311147481.02,34649.84,32.12,125027.0
2633,2021-06-24,3027434524.39,31593.86,27.28,105656.0
2634,2021-06-25,1826363014.48,32307.35,26.84,154086.0
2635,2021-06-26,2002954688.79,34713.81,25.52,105096.0
2636,2021-06-27,1424168416.33,34487.11,23.76,122259.0
2637,2021-06-28,1578253520.29,35901.41,25.08,128407.0
2638,2021-06-29,1388243727.19,35056.39,25.08,120506.0
2639,2021-06-30,1238732543.23,33543.11,22.0,110739.0
2640,2021-07-01,1102040372.36,33804.54,17.7,110932.0
2641,2021-07-02,595117204.83,34682.84,17.099999999999998,101685.0
2642,2021-07-03,563891553.21,35287.97,16.5,92900.0
2643,2021-07-04,1072690410.4,33702.79,17.4,85810.0
2644,2021-07-05,1123145329.6,34237.66,17.4,88486.0
2645,2021-07-06,752074468.65,33880.79,16.2,95429.0
2646,2021-07-07,1573967671.27,32874.01,14.7,111493.0
2647,2021-07-08,853165387.13,33804.2,16.8,108695.0
2648,2021-07-09,651899496.99,33515.13,15.3,98121.0
2649,2021-07-10,533337900.01,34249.3,13.5,85014.0
2650,2021-07-11,1039311244.06,33088.51,13.8,70863.0
2651,2021-07-12,837278173.94,32737.47,14.7,98470.0
2652,2021-07-13,883070516.73,32820.5,14.7,141201.0
2653,2021-07-14,1073939852.55,31867.46,15.6,98812.0
2654,2021-07-15,812765644.4,31401.76,15.3,92346.0
2655,2021-07-16,881285396.92,31546.64,15.6,86926.0
2656,2021-07-17,796652696.45,31806.3,14.4,73357.0
2657,2021-07-18,1179342118.61,30847.55,14.4,75089.0
2658,2021-07-19,1291958152.32,29795.55,17.7,83081.0
2659,2021-07-20,1538668590.41,32139.48,22.2,102358.0
2660,2021-07-21,785311959.3,32299.47,20.7,150305.0
2661,2021-07-22,765209760.41,33637.92,18.3,106901.0
2662,2021-07-23,686017155.75,34282.56,15.9,87678.0
2663,2021-07-24,781929775.48,35369.93,15.9,97003.0
2664,2021-07-25,3840983132.28,37269.52,16.5,83272.0
2665,2021-07-26,2197490232.78,39496.69,30.0,184548.0
2666,2021-07-27,2662886395.8,40030.01,21.3,128220.0
2667,2021-07-28,1257968294.92,40030.52,20.7,133752.0
2668,2021-07-29,1698014609.78,42231.83,18.0,106512.0
2669,2021-07-30,1056705603.97,41474.72,17.7,93955.0
2670,2021-07-31,1385907257.88,39870.76,18.0,88543.0
2671,2021-08-01,1308894644.03,39158.53,24.8,103030.0
2672,2021-08-02,1466921591.54,38189.3,25.42,118549.0
2673,2021-08-03,1318983897.48,39738.56,23.56,103494.0
2674,2021-08-04,2357831521.97,40888.18,23.25,97689.0
2675,2021-08-05,2009167763.65,42852.18,23.25,95549.0
2676,2021-08-06,2199730007.61,44617.96,25.73,104769.0
2677,2021-08-07,1745878741.47,43827.75,29.14,110473.0
2678,2021-08-08,2219734084.88,46292.61,28.52,97178.0
2679,2021-08-09,1609844198.85,45601.03,30.69,121767.0
2680,2021-08-10,1421598811.69,45556.69,29.76,113397.0
2681,2021-08-11,1588850342.27,44425.52,30.38,99731.0
2682,2021-08-12,1595718853.28,47832.93,29.45,98097.0
2683,2021-08-13,1120499538.82,47102.03,27.28,98133.0
2684,2021-08-14,836663894.85,47015.94,26.35,81771.0
2685,2021-08-15,1332377363.69,45927.4,25.42,77118.0
2686,2021-08-16,1700658063.3,44684.43,26.66,99378.0
2687,2021-08-17,1377529230.43,44714.54,25.42,98097.0
2688,2021-08-18,1511027965.43,46761.49,24.8,96506.0
2689,2021-08-19,1742574002.38,49336.45,23.56,102697.0
2690,2021-08-20,1125508731.91,48867.87,26.35,113364.0
2691,2021-08-21,822323898.98,49289.71,25.73,83918.0
2692,2021-08-22,1515250474.77,49521.06,25.11,79512.0
2693,2021-08-23,1399185980.56,47690.54,31.0,139656.0
2694,2021-08-24,1208134772.96,48996.44,27.59,119165.0
2695,2021-08-25,1618461768.41,46852.22,26.04,98782.0
2696,2021-08-26,1331637984.84,49088.1,25.11,87815.0
2697,2021-08-27,626553869.3,48918.9,22.63,97836.0
2698,2021-08-28,924625515.76,48794.26,21.39,79411.0
2699,2021-08-29,1392617744.31,46993.31,20.77,83476.0
2700,2021-08-30,1418199668.83,47159.26,21.7,100326.0
2701,2021-08-31,1520961266.36,48840.01,22.63,85170.0
2702,2021-09-01,1615790894.94,49280.77,15.5,103531.0
2703,2021-09-02,1926045807.12,50019.51,17.05,124469.0
2704,2021-09-03,839888927.54,49935.29,17.36,113030.0
2705,2021-09-04,1084416553.08,51784.16,15.5,94327.0
2706,2021-09-05,1328373298.0,52693.32,15.81,91052.0
2707,2021-09-06,4055873734.71,46856.31,18.6,137763.0
2708,2021-09-07,2105187289.07,46073.45,31.0,240284.0
2709,2021-09-08,1499767099.51,46392.85,28.83,154503.0
2710,2021-09-09,1631276774.64,44853.1,20.77,104725.0
2711,2021-09-10,662298068.85,45166.12,18.91,100785.0
2712,2021-09-11,747181260.09,46049.72,16.12,78525.0
2713,2021-09-12,1909473369.72,44958.56,15.19,77722.0
2714,2021-09-13,1237183544.6,47129.01,17.98,103761.0
2715,2021-09-14,1282942628.56,48148.45,16.43,91267.0
2716,2021-09-15,1229076140.65,47764.47,16.43,109407.0
2717,2021-09-16,899242093.44,47297.98,16.12,90855.0
2718,2021-09-17,761079785.11,48312.46,14.88,101046.0
2719,2021-09-18,668723282.36,47251.76,13.95,82649.0
2720,2021-09-19,2849781014.82,42925.46,12.71,74123.0
2721,2021-09-20,2972565920.07,40709.59,20.46,131996.0
2722,2021-09-21,1807576533.35,43576.15,21.39,101636.0
2723,2021-09-22,1522818255.74,44893.87,18.91,98217.0
2724,2021-09-23,2565373998.35,42848.41,17.05,117001.0
2725,2021-09-24,767641976.96,42721.91,24.8,161656.0
2726,2021-09-25,1187820024.18,43201.79,18.29,97401.0
2727,2021-09-26,1140232492.25,42187.51,16.12,85595.0
2728,2021-09-27,1335757058.57,41056.79,15.81,103126.0
2729,2021-09-28,1100252801.68,41539.43,15.81,99868.0
2730,2021-09-29,1469981944.79,43829.34,15.5,110555.0
2731,2021-09-30,2498575570.28,48164.35,15.19,109580.0
2732,2021-10-01,769022184.37,47669.02,18.55,149724.0
2733,2021-10-02,895606844.23,48234.05,15.749999999999998,89506.0
2734,2021-10-03,1664027525.19,49276.91,14.7,97975.0
2735,2021-10-04,2049372160.16,51504.27,16.799999999999997,132624.0
2736,2021-10-05,3444996109.53,55345.85,19.25,153503.0
2737,2021-10-06,1836529821.85,53797.21,24.5,195155.0
2738,2021-10-07,1592265868.06,53949.29,21.0,129606.0
2739,2021-10-08,799607238.61,54968.04,19.25,107673.0
2740,2021-10-09,1276001425.96,54700.24,16.45,92850.0
2741,2021-10-10,1805863526.52,57498.8,16.45,91018.0
2742,2021-10-11,1913353762.18,56010.9,21.0,142028.0
2743,2021-10-12,1906230334.0,57369.0,19.95,114161.0
2744,2021-10-13,1617497364.76,57359.21,18.2,113945.0
2745,2021-10-14,3737889743.83,61684.96,19.25,130212.0
2746,2021-10-15,1404879137.37,60877.77,27.3,232707.0
2747,2021-10-16,1414498881.98,61520.54,24.5,141705.0
2748,2021-10-17,3113486441.7,62038.16,19.95,111977.0
2749,2021-10-18,2706420467.09,64283.97,24.15,140381.0
2750,2021-10-19,2978059285.56,66021.02,28.0,176844.0
2751,2021-10-20,3962470063.85,62283.96,35.0,290630.0
2752,2021-10-21,2504718475.2,60693.59,31.85,186417.0
2753,2021-10-22,990360071.85,61313.09,25.9,147588.0
2754,2021-10-23,1158838824.68,60863.56,19.95,114275.0
2755,2021-10-24,1549308691.98,63089.04,18.9,106803.0
2756,2021-10-25,1738003094.57,60315.68,22.05,134501.0
2757,2021-10-26,2719093218.08,58464.42,23.45,125247.0
2758,2021-10-27,3090102767.38,60610.11,24.85,126449.0
2759,2021-10-28,2168021242.77,62282.5,22.05,125041.0
2760,2021-10-29,979987095.61,61891.91,20.65,112918.0
2761,2021-10-30,1181933822.61,61349.75,17.5,91063.0
2762,2021-10-31,1955088666.05,60960.98,17.15,105589.0
2763,2021-11-01,2260756044.28,63260.05,23.1,112167.0
2764,2021-11-02,1852233940.61,62929.93,24.75,137644.0
2765,2021-11-03,1420765190.91,61448.47,23.43,127439.0
2766,2021-11-04,1262030165.48,61019.66,23.76,119426.0
2767,2021-11-05,939530051.87,61529.76,22.11,115671.0
2768,2021-11-06,929571983.79,63302.78,19.47,97179.0
2769,2021-11-07,2614939972.01,67549.14,20.130000000000003,103642.0
2770,2021-11-08,2209551778.82,66939.24,29.040000000000003,168461.0
2771,2021-11-09,3365466815.36,64926.06,33.0,189677.0
2772,2021-11-10,1393819061.45,64820.8,31.35,154746.0
2773,2021-11-11,2090846686.0,64156.3,26.73,131369.0
2774,2021-11-12,815997863.99,64409.56,25.41,121364.0
2775,2021-11-13,947303706.23,65509.06,23.1,120378.0
2776,2021-11-14,1639253320.63,63614.06,23.76,125767.0
2777,2021-11-15,3740808475.72,60108.9,24.75,137226.0
2778,2021-11-16,2582737930.61,60365.6,32.01,141774.0
2779,2021-11-17,3718546724.95,56930.68,28.05,128054.0
2780,2021-11-18,2107344590.7,58136.22,29.040000000000003,134465.0
2781,2021-11-19,985075173.7,59769.66,29.700000000000003,150357.0
2782,2021-11-20,888045056.17,58700.83,23.76,128237.0
2783,2021-11-21,2371226089.18,56303.06,21.78,140192.0
2784,2021-11-22,2153848949.04,57566.6,25.41,132390.0
2785,2021-11-23,1630017073.7,57175.09,27.39,128649.0
2786,2021-11-24,1412787308.46,58966.99,27.06,116024.0
2787,2021-11-25,3312563227.95,53788.22,23.76,114979.0
2788,2021-11-26,1010585542.47,54805.03,30.360000000000003,146605.0
2789,2021-11-27,1186994646.57,57331.41,24.75,120878.0
2790,2021-11-28,1690005715.85,57839.55,23.1,118553.0
2791,2021-11-29,2383744473.31,56975.35,25.08,142628.0
2792,2021-11-30,2072824070.98,57227.97,25.74,116550.0
2793,2021-12-01,1712170975.38,56522.76,15.4,138996.0
2794,2021-12-02,2461497753.56,53663.25,15.05,121726.0
2795,2021-12-03,4315348557.56,49243.39,15.4,125774.0
2796,2021-12-04,2074283149.33,49465.5,35.0,196868.0
2797,2021-12-05,2437856119.9,50552.83,24.5,124214.0
2798,2021-12-06,1496164576.66,50633.01,24.15,153780.0
2799,2021-12-07,1290175070.3,50513.04,20.3,161163.0
2800,2021-12-08,1681556175.72,47593.85,18.2,152439.0
2801,2021-12-09,1905617871.17,47191.14,17.849999999999998,135187.0
2802,2021-12-10,1181186604.23,49398.4,17.5,131883.0
2803,2021-12-11,1072562349.4,50109.99,15.749999999999998,127315.0
2804,2021-12-12,2353893179.4,46731.03,15.749999999999998,140184.0
2805,2021-12-13,1646492085.28,48387.69,19.25,144296.0
2806,2021-12-14,2132679583.02,48885.05,19.6,141026.0
2807,2021-12-15,1271265804.99,47635.92,18.2,146865.0
2808,2021-12-16,1756062773.63,46164.14,16.45,123918.0
2809,2021-12-17,874187163.05,46861.62,16.099999999999998,116145.0
2810,2021-12-18,1035963939.83,46697.13,14.7,116620.0
2811,2021-12-19,1517599333.73,46913.54,13.65,113612.0
2812,2021-12-20,1546447524.57,48917.48,16.099999999999998,124159.0
2813,2021-12-21,1028434929.44,48614.97,16.099999999999998,137590.0
2814,2021-12-22,1525047125.27,50830.2,15.4,120983.0
2815,2021-12-23,1107244995.18,50840.36,15.4,133215.0
2816,2021-12-24,585818997.15,50431.63,16.45,122898.0
2817,2021-12-25,736617761.86,50790.88,14.7,110526.0
2818,2021-12-26,1120188136.96,50714.73,14.35,91493.0
2819,2021-12-27,1985905082.17,47536.39,15.05,105198.0
2820,2021-12-28,1599557104.64,46471.7,16.099999999999998,118350.0
2821,2021-12-29,1852206857.29,47129.66,15.749999999999998,111906.0
2822,2021-12-30,1636014399.31,46197.31,15.4,126646.0
2823,2021-12-31,786729972.03,47737.35,14.35,116434.0
